epoch,train_total_loss,train_kd_loss,train_ce_loss,train_acc,train_f1,train_precision,train_recall,val_total_loss,val_kd_loss,val_ce_loss,val_acc,val_f1,val_precision,val_recall,best_epoch
0,5.001613780071861,6.268225682409186,1.2017781852107299,51.58069883527454,48.75391993980269,47.471793667932495,51.58069883527454,3.108925210105048,3.6987274885177612,1.3395183999091387,59.23076923076923,50.000421321176034,61.61764705882352,59.23076923076923,-1
1,4.037209962543688,5.00753212602515,1.1262434924903668,64.72545757071548,59.40143622606542,61.874714923725826,64.72545757071548,2.808058023452759,3.3234485255347357,1.2618865643938382,66.92307692307692,63.74697309630797,67.99553894381481,66.92307692307692,-1
2,3.2199661606236507,4.02732337148566,0.7978946068569234,75.7071547420965,73.582943936363,75.2796614911389,75.7071547420965,2.817739109198252,3.3037188053131104,1.3597998205417146,68.46153846153847,66.603663003663,67.02099450201918,68.46153846153847,-1
3,2.7840684683699357,3.4783734334142586,0.7011536475467054,79.20133111480865,77.13203358197077,78.8709213157939,79.20133111480865,2.7431365019745297,3.1807354754871793,1.4303396313916892,72.3076923076923,71.51915853883798,73.68927125506073,72.3076923076923,-1
4,2.2711631106702903,2.8491350584908535,0.5372472565719172,83.36106489184692,82.86293800312073,83.21658261137938,83.36106489184692,2.610949913660685,3.1728348467085095,0.9252950416670905,77.6923076923077,77.61445775377665,78.96829836829835,77.6923076923077,-1
5,1.9301469294648421,2.433802461937854,0.41918027057851615,87.0216306156406,86.6725739237788,86.84436532974203,87.0216306156406,2.486808465586768,2.828219347529941,1.462575730492568,72.3076923076923,71.33894961226805,72.29958380113179,72.3076923076923,-1
6,1.5329030407102484,1.9381485487285413,0.317166481265112,90.34941763727122,90.1237727974281,90.47957731191107,90.34941763727122,2.447943541738722,2.856854180494944,1.221211437187675,79.23076923076923,78.70539775996899,79.59803354540198,79.23076923076923,-1
7,1.5202953486066115,1.9223123663350155,0.31424427038597824,90.34941763727122,90.27826182230861,90.52696534806032,90.34941763727122,2.306241512298584,2.791181299421522,0.8514219648722146,76.92307692307692,76.31927407972765,76.27590711175617,76.92307692307693,-1
8,1.2576571138281571,1.6031969268071025,0.2210377451326502,93.34442595673877,93.28558067421467,93.35504799631988,93.34442595673876,2.066494451628791,2.4600363042619495,0.8858689363631937,79.23076923076923,78.60944043169106,81.67386185243328,79.23076923076923,-1
9,0.9529116279200504,1.2187279666724957,0.155462590548651,94.17637271214642,94.13225746878823,94.30014792348594,94.17637271214643,4.646217722031805,5.351400855514738,2.530668085630168,65.38461538461539,63.26799565412453,79.63360725025291,65.38461538461539,-1
10,0.9129633613322911,1.1687079558247013,0.14572958405570766,95.50748752079866,95.4874540122683,95.49378340215536,95.50748752079868,2.4528135789765253,2.978578997982873,0.8755174693134096,76.15384615384616,76.2385171996062,77.00954323158025,76.15384615384615,-1
11,0.9955460727214813,1.2728513989009356,0.16363009893163843,94.0099833610649,93.95758943025129,94.03075048589915,94.0099833610649,2.718885494603051,3.114130904277166,1.5331492386030732,73.84615384615384,72.66568782075122,75.99949776998956,73.84615384615385,11
12,0.8161922207004145,1.0463312668235678,0.12577510451113708,96.00665557404326,95.97944764179435,95.99802499177011,96.00665557404326,2.3528122438324823,2.7232640153831906,1.2414569749509812,79.23076923076923,78.79207212540547,80.59150483771357,79.23076923076923,12
13,0.9520803015483054,1.2180037451417822,0.15430998991513134,95.00831946755407,94.98904387249792,95.03387488030992,95.00831946755409,2.6411189834276834,3.0987885925504894,1.2681100431986527,80.76923076923077,80.14366219860725,81.20416163395586,80.76923076923077,12
14,0.7971377498225162,1.019339113643295,0.1305336736779856,95.50748752079866,95.50260793479907,95.52763651601929,95.50748752079868,2.905056440167957,3.377010146776835,1.4891956066324685,72.3076923076923,71.6961348344327,77.78590291305633,72.3076923076923,12
15,0.7130794446719321,0.915044084975594,0.10718552397233189,96.33943427620632,96.31323965611882,96.33285684177444,96.33943427620633,3.040681411822637,3.582008613480462,1.4166994700596358,73.84615384615384,71.99166507603232,76.03981084838084,73.84615384615385,12
16,0.7159418698988462,0.9171093137640702,0.11243954612750952,97.17138103161398,97.14798485048793,97.20076299870493,97.17138103161398,2.659240378273858,3.054914461241828,1.4722181148463278,76.15384615384616,75.12664791329026,77.54093944276332,76.15384615384615,12
17,0.6124672783832801,0.7910976449125692,0.07657618850077454,97.50415973377704,97.49201295324127,97.48952047380699,97.50415973377704,2.5682273788584604,2.9463007847468057,1.434007074097786,79.23076923076923,78.40130506036778,79.283146969242,79.23076923076923,12
18,0.618164393070497,0.7954951971769333,0.08617201835333713,97.00499168053244,96.9967693219006,97.03473731302996,97.00499168053244,2.4099999335077076,2.7930695613225303,1.2607912237031593,78.46153846153847,77.57396893535507,80.61721285250698,78.46153846153847,12
19,0.5506686583945626,0.7100181132555008,0.0726202923228572,97.8369384359401,97.81817852091301,97.88458966173528,97.8369384359401,3.585495707061556,4.133655508359273,1.9410163147576138,76.92307692307692,76.15127215127215,78.7367206762332,76.92307692307693,12
20,0.5836674731812979,0.7527943410371479,0.07628687282435988,96.83860232945092,96.83501932054303,96.88787154230518,96.83860232945092,2.9101163032982083,3.3664765043391123,1.5410356426776464,75.38461538461539,74.19833697514186,75.53205128205128,75.38461538461539,12
21,0.4811236591715562,0.6237573509937838,0.05322259239925954,98.50249584026622,98.50302325583044,98.50942406912849,98.50249584026622,2.278658154937956,2.695927451054255,1.026850322526621,80.76923076923077,80.27747252747254,80.56026440641826,80.76923076923077,21
22,0.5130163909573304,0.6634436265418404,0.06173467757425418,98.33610648918469,98.33309691969643,98.34111769898368,98.33610648918469,1.8185034924083285,2.1825890938440957,0.7262467361158795,81.53846153846153,81.40567765567766,81.72322036937422,81.53846153846153,22
23,0.4773998174228166,0.6232770771572465,0.03976805184011985,99.00166389351081,99.00028604067973,99.0048881054973,99.00166389351082,2.568107000655598,2.9987520343727536,1.2761719385622807,81.53846153846153,81.20392401368622,82.10645046010899,81.53846153846153,22
24,0.4785832809774499,0.6219277993628853,0.048549716851036796,98.33610648918469,98.32954559714787,98.34431053064098,98.33610648918469,2.879948428935475,3.342941688166724,1.4909691035540567,79.23076923076923,78.56030389363721,78.66734143049932,79.23076923076923,22
25,0.4753306041422643,0.6157537439936086,0.054061184664820565,98.16971713810317,98.17069083776163,98.20773370075936,98.16971713810317,2.416561040613386,2.8240188492669,1.1941877516348742,83.07692307692308,82.59253880295192,82.97946647946648,83.07692307692308,22
26,0.5330152939024725,0.6842069398415717,0.07944037172618616,98.00332778702163,97.99843285346164,98.01873001938421,98.00332778702163,2.103290710184309,2.5103986495070987,0.8819669942345677,82.3076923076923,81.86217948717949,82.40256299079829,82.3076923076923,22
27,0.4759783456592183,0.6117173311741728,0.06876137423770208,98.00332778702163,97.99822739222842,98.01608174807551,98.00332778702163,2.171804075439771,2.5560010837184057,1.0192130569856899,84.61538461538461,84.22054183440322,85.16466332127436,84.61538461538461,22
28,0.47872133200105865,0.6207039513086018,0.05277349758207014,98.16971713810317,98.16173111177257,98.2036940217443,98.16971713810317,2.547979068424967,2.9366982877254486,1.3818215457560856,78.46153846153847,77.75647067250713,78.53787095166406,78.46153846153847,22
29,0.4818154263653253,0.6233756851993109,0.05713464024838207,98.50249584026622,98.50033721081975,98.52258851413156,98.50249584026622,2.168784946203232,2.549079785744349,1.0279003013112944,79.23076923076923,78.4607769681299,78.80482654600303,79.23076923076923,22
30,0.4876589320207897,0.6321060975131235,0.05431743457723458,98.00332778702163,97.99483016451909,98.02168420942185,98.00332778702163,2.2579249143600464,2.5864428414238825,1.272371058869693,78.46153846153847,78.05247566069724,79.62918660287082,78.46153846153847,22
31,0.39862223949871567,0.5192111040416517,0.036855637847972834,99.33444259567388,99.33388565575876,99.34730360831787,99.33444259567388,2.1540985703468323,2.558420949512058,0.9411312358246909,83.07692307692308,82.8281687585204,84.22577422577423,83.07692307692308,22
32,0.4469440422560039,0.5806287087892231,0.0458900439062793,98.66888519134775,98.66494537808444,98.68415522128987,98.66888519134775,2.2095764411820307,2.5554106367958918,1.172073943178273,79.23076923076923,78.57730889566518,80.10142830099961,79.23076923076923,22
33,0.4326559622821055,0.5653824857191035,0.0344764107859718,99.16805324459234,99.1672609143491,99.172784695334,99.16805324459234,3.0628683211074934,3.545327165060573,1.6154918959700808,80.76923076923077,80.29612104218877,80.72278808148374,80.76923076923077,22
34,0.42464945759428174,0.5493485951109937,0.05055205040844157,98.16971713810317,98.16129922328184,98.1633090754343,98.16971713810317,2.004774605234464,2.3495178355111017,0.97054489137372,81.53846153846153,81.06891446601489,81.49827845480019,81.53846153846153,22
35,0.40433709460653755,0.5278053977771809,0.033932177662408275,99.16805324459234,99.16770594213646,99.17782892953736,99.16805324459234,2.0356301069259644,2.399416599008772,0.9442705288529396,80.76923076923077,80.57662165420787,81.70893550893551,80.76923076923077,22
36,0.37082553066705404,0.48761952707642003,0.020443540311565523,99.50083194675541,99.50085804005427,99.50407856823992,99.50083194675541,3.2637970878018274,3.7452515496148004,1.819433874463559,80.76923076923077,79.95836882716286,81.63644495990219,80.76923076923077,22
37,0.3718645600111861,0.48351948316160004,0.036899788357243925,99.00166389351081,98.99813510146332,99.01390523851586,99.00166389351082,1.9133351842562358,2.218256221877204,0.9985721176231487,82.3076923076923,81.89012328138561,83.19803004013531,82.3076923076923,22
38,0.38311691386135,0.49814999338827637,0.038017686496268174,98.16971713810317,98.1688133167375,98.18166346665824,98.16971713810317,2.290263487233056,2.665323942899704,1.1650822781181585,81.53846153846153,81.00882513398159,82.16117216117215,81.53846153846153,22
39,0.31457002186461497,0.41441712332399266,0.015028721924050172,99.66722129783693,99.66736691127123,99.66861952767796,99.66722129783693,2.401381234327952,2.7544733352131314,1.3421048718690953,82.3076923076923,81.88644688644689,82.97808129791935,82.3076923076923,22
40,0.3843410446455604,0.5044952850592764,0.023878326340835837,99.33444259567388,99.33007007944882,99.33848154740164,99.33444259567388,2.1736212968826294,2.5367902285522885,1.0841143232796133,80.76923076923077,80.1350590172741,80.89230088796653,80.76923076923077,22
41,0.3251236383067934,0.42658307560180364,0.020745333562923695,99.33444259567388,99.33448795812843,99.33720767594033,99.33444259567388,2.878106666935815,3.298351466655731,1.6173721983149234,81.53846153846153,81.03396888012271,82.35515845316208,81.53846153846153,22
42,0.4118318502840243,0.5368881923587698,0.036662851834032485,99.00166389351081,98.9996923451507,99.00928002539702,99.00166389351082,2.3016207681761847,2.6580573187934027,1.2323110222350806,78.46153846153847,77.92424186685305,80.56990881458967,78.46153846153847,22
43,0.3250827985374551,0.4233480570347686,0.030287040097295846,99.16805324459234,99.16520458262039,99.17972826553118,99.16805324459234,1.9769792126284704,2.2766208516226873,1.0780543978843424,78.46153846153847,77.7716932927017,78.45201193292391,78.46153846153847,22
44,0.33306392282247543,0.4390841675432105,0.015003183027913206,99.66722129783693,99.66706583325256,99.66801362808019,99.66722129783693,2.228340013159646,2.5888472812043295,1.1468183426121767,83.84615384615384,83.53375918730084,84.64208598419124,83.84615384615385,22
45,0.31097888770072085,0.40580948089298446,0.026487119645983177,99.33444259567388,99.33510613956571,99.34190420495702,99.33444259567388,1.6929941376050313,2.0231516626146107,0.7025215145614412,83.84615384615384,83.76045020685439,84.22514740161799,83.84615384615385,45
46,0.35094601543326126,0.45728257651391785,0.03193633375830311,99.33444259567388,99.33195165332799,99.34730360831787,99.33444259567388,1.9211455119980707,2.229169742928611,0.9970728846059905,81.53846153846153,80.80905763508184,81.64971169181696,81.53846153846153,45
47,0.3225261506281401,0.42171381061014374,0.024963169331098663,99.50083194675541,99.50034811233888,99.50629721045931,99.50083194675541,1.7768013758791819,2.077407196164131,0.8749839248549607,77.6923076923077,76.62941832251295,77.21794871794873,77.6923076923077,45
48,0.2880303549923395,0.37887952319885554,0.015482838817038819,99.83361064891847,99.83346103854475,99.8344262829924,99.83361064891847,2.0085254228777356,2.326958702670203,1.0532255862878326,82.3076923076923,81.94655068898359,83.37285521496048,82.3076923076923,45
49,0.32212239229365397,0.4209144993832237,0.025746073518683642,99.33444259567388,99.33358750659949,99.33594128073466,99.33444259567388,2.101446168290244,2.432319806681739,1.1088252299361758,83.07692307692308,82.68528578916565,83.54507281336548,83.07692307692308,45
50,0.29042115082081993,0.3801526952730982,0.02122650183982363,99.50083194675541,99.49911512551523,99.50487089848318,99.50083194675541,1.7421436773406134,2.082225481669108,0.7218982250326209,82.3076923076923,82.11256286116999,83.71242727860374,82.3076923076923,45
51,0.2798238575066391,0.3681164583877513,0.014946068053464651,99.66722129783693,99.66698229706333,99.66861952767796,99.66722129783693,2.7420084815886288,3.157568615343836,1.495328002466724,83.84615384615384,83.59146266546736,85.11127952507263,83.84615384615385,45
52,0.3282726834479131,0.4296085650199338,0.024265044435435954,99.33444259567388,99.33466079426547,99.34068258488172,99.33444259567388,2.4104151411188974,2.7952064043945737,1.2560412675407457,80.0,79.58937481748725,81.61583097753311,80.0,45
53,0.3235044173504177,0.4242103888015998,0.021386509724451525,99.66722129783693,99.66721817596836,99.67037559833138,99.66722129783693,1.600211371978124,1.931741002533171,0.6056224716206392,83.07692307692308,82.86353401107046,84.26619525248452,83.07692307692308,53
54,0.28289116468084485,0.37203983727254364,0.01544513761703121,99.33444259567388,99.33328572476093,99.333696873092,99.33444259567388,2.4457710567447872,2.8243638575077057,1.309992789102479,84.61538461538461,84.35780257611343,85.66686808066119,84.61538461538461,53
55,0.32833532636102875,0.43032745664056976,0.022358934934201994,99.50083194675541,99.50002804557695,99.50789564562209,99.50083194675541,2.4419723028937974,2.8254745337698193,1.291465756666892,80.76923076923077,80.37129210658624,82.123674571043,80.76923076923077,53
56,0.2783609285558525,0.36343807178108317,0.02312950277241486,99.33444259567388,99.33354140850763,99.3401048581439,99.33444259567388,1.817438496483697,2.1334714028570385,0.8693397072040372,82.3076923076923,81.94668154564884,82.27641282908841,82.3076923076923,53
57,0.2613099089970714,0.3446844163301744,0.011186380948761086,100.0,100.0,100.0,100.0,3.4164480045437813,3.932175636291504,1.8692654172577552,83.07692307692308,82.759762162061,84.46192077324996,83.07692307692308,53
58,0.3186602282680963,0.4198315727867578,0.015146190171914273,99.66722129783693,99.66779581801913,99.67276760953965,99.66722129783693,2.5642461793290243,2.938807593451606,1.440562214042681,79.23076923076923,78.40577330031422,79.28435155108583,79.23076923076923,53
59,0.2698730383264391,0.35299703086677353,0.020501060343935694,99.50083194675541,99.49911512551523,99.50487089848318,99.50083194675541,1.7542644523912005,2.053808275196287,0.8556329578584863,83.84615384615384,83.5889297265227,84.3988905831011,83.84615384615385,53
60,0.2607335491400016,0.33737905401932566,0.030797038299313403,99.50083194675541,99.50148351966881,99.51074150171546,99.50083194675541,2.0460721684826746,2.405352618959215,0.9682308875101929,81.53846153846153,80.70499852523028,81.87486395890471,81.53846153846153,53
61,0.2820823647473988,0.37151254674321726,0.013791826272561019,99.83361064891847,99.83322502528081,99.8344262829924,99.83361064891847,2.896309168802367,3.333258185121748,1.585462053400584,81.53846153846153,81.0290583473831,82.52747252747253,81.53846153846153,53
62,0.25247871993403687,0.3316696582264022,0.014905905642081052,99.66722129783693,99.66897282219854,99.67633852255373,99.66722129783693,1.7375598384274378,2.0749863849745855,0.7252802640820543,86.92307692307692,86.65376766091052,87.06396615898878,86.92307692307692,53
63,0.2646789531174459,0.3466922444732566,0.018639080327518872,99.66722129783693,99.66748340439973,99.67046791932145,99.66722129783693,2.4990863684150906,2.883177997337447,1.3468116055850663,84.61538461538461,84.12601021211633,85.33193779904306,84.61538461538461,53
64,0.24626074515675245,0.32208909760964544,0.018775693415878585,99.33444259567388,99.33389009522283,99.34730360831787,99.33444259567388,2.2492990030182733,2.6268183390299478,1.1167411581263877,84.61538461538461,84.11229456817692,84.8021116138763,84.61538461538461,53
65,0.21103797696138682,0.27813240964161723,0.009754675215318505,100.0,100.0,100.0,100.0,2.763375932143794,3.169197161992391,1.545912077823636,82.3076923076923,81.89720829021043,83.44133644133645,82.3076923076923,53
66,0.24741418698900625,0.32449757111699956,0.01616403130327327,99.33444259567388,99.33372798969033,99.33649617329073,99.33444259567388,1.8564627915620804,2.1678495672014026,0.9223025191289101,86.15384615384616,85.87953789061181,86.47631966695512,86.15384615384616,53
67,0.2833522781729698,0.37067021076616485,0.021398480155958646,99.66722129783693,99.66706583325256,99.66801362808019,99.66722129783693,1.824283488922649,2.1501922375626035,0.8465572974641368,86.15384615384616,85.96977907365891,87.08165817921915,86.15384615384616,53
68,0.22995970025658607,0.3035287906072642,0.00925243486218326,100.0,100.0,100.0,100.0,2.0730125225252576,2.411191403865814,1.0584759710084957,86.15384615384616,85.78461538461538,86.63560610929032,86.15384615384616,53
69,0.23072339515937001,0.3033646556891893,0.012799620510792776,99.50083194675541,99.50196103274307,99.50463016351551,99.50083194675541,2.2022107218702636,2.5541709860165915,1.146329681782744,81.53846153846153,81.065993337838,84.0224538432825,81.53846153846153,53
70,0.24604657390399984,0.32288105080002233,0.015543135311944704,99.83361064891847,99.83360378527807,99.83440297916172,99.83361064891847,1.7518885533014934,2.146516892645094,0.5680034246502651,86.15384615384616,86.0368067930788,86.02815279958136,86.15384615384616,53
71,0.27626535237619754,0.3627220694171755,0.016895201530515852,99.83361064891847,99.83322502528081,99.8344262829924,99.83361064891847,2.006481922335095,2.349176675081253,0.978397637191746,82.3076923076923,81.78780782130345,82.78588269967581,82.3076923076923,53
72,0.21992751642277367,0.28952497949725703,0.011135138391278145,100.0,100.0,100.0,100.0,1.7385640525155597,2.0281684034400516,0.8697508586273115,82.3076923076923,81.74506801823206,82.94049197928508,82.3076923076923,53
73,0.21588542939800964,0.2835528489790465,0.012883171731740922,99.66722129783693,99.66744905888886,99.66953226104641,99.66722129783693,1.8310907408595085,2.164016586210993,0.8323131944238816,84.61538461538461,84.26242282575231,85.17865176688706,84.61538461538461,53
74,0.2430506832897663,0.3193054254117765,0.014286459829523474,99.66722129783693,99.66706583325256,99.66801362808019,99.66722129783693,2.496074140899711,2.905608735150761,1.2674702984683488,83.07692307692308,82.48948489168119,83.66164582543892,83.07692307692308,53
75,0.24570801265929876,0.3235954544261882,0.01204569194784486,99.83361064891847,99.83398701091434,99.83592161212795,99.83361064891847,1.7041137201918497,2.0035573740800223,0.8057827677888175,83.84615384615384,83.44860661664111,84.52151143363231,83.84615384615385,53
76,0.25162495006071894,0.3291256165033893,0.019122946299735065,99.66722129783693,99.66698229706333,99.66861952767796,99.66722129783693,1.637775311867396,1.9588089452849493,0.6746744403563854,86.15384615384616,85.92853464087324,86.79589641128102,86.15384615384616,53
77,0.22507542822706073,0.2949057380227666,0.015584499873894904,99.66722129783693,99.66722129783693,99.66722129783693,99.66722129783693,2.137800796992249,2.4709538751178317,1.1383414345707732,83.84615384615384,83.34675253627445,84.40136954813067,83.84615384615385,53
78,0.23993370838855443,0.3164870315476468,0.010273750571190919,99.83361064891847,99.83375626235275,99.8350088787595,99.83361064891847,1.5986454768313303,1.9056906782918506,0.677509835610787,85.38461538461539,85.14727857459177,85.29987320371937,85.38461538461539,78
79,0.2186058593031607,0.2877797735364814,0.011084131577119575,100.0,100.0,100.0,100.0,1.6042344570159912,1.8951508237255945,0.7314852625584334,85.38461538461539,85.19971884315244,85.75782707858181,85.38461538461539,78
80,0.22414518186920568,0.2956170518147318,0.009729576638691421,99.83361064891847,99.83346103854475,99.8344262829924,99.83361064891847,1.5532880872488022,1.8220921241574817,0.7468760351734495,83.07692307692308,82.72849372849373,83.58061877181883,83.07692307692308,80
81,0.25186306630310257,0.3288527046771426,0.02089415458383308,99.33444259567388,99.33349165425767,99.34381725775002,99.33444259567388,1.9744985732767317,2.3177005549271903,0.9448925347258208,83.07692307692308,82.70415731970083,83.90927001966797,83.07692307692308,80
82,0.24865524843335152,0.3269395526302488,0.013802343994795688,99.83361064891847,99.83321917107016,99.83440297916172,99.83361064891847,1.8893542687098186,2.2052009436819286,0.9418141908617044,83.07692307692308,82.70785147969613,85.08591992802519,83.07692307692308,80
83,0.21763057418559728,0.2849590833249845,0.015645033246408657,99.50083194675541,99.50056156656622,99.50538447709086,99.50083194675541,1.997707934015327,2.3256006787220636,1.014029686951997,80.76923076923077,80.35846454968578,81.04378548280987,80.76923076923077,80
84,0.1872737331217841,0.2472266433270354,0.00741500046569854,100.0,100.0,100.0,100.0,1.6989849656820297,2.0239061978128223,0.7242212999715574,84.61538461538461,84.37252775422475,84.99633699633699,84.61538461538461,80
85,0.22854951063269063,0.3016626481947146,0.009210110124274107,99.66722129783693,99.66661480070505,99.67046791932145,99.66722129783693,1.556259188387129,1.8339144587516785,0.723293483360774,82.3076923076923,81.82765598945375,83.0948841818407,82.3076923076923,80
86,0.21376144611521772,0.28212499971452515,0.008670781716079401,99.83361064891847,99.83346103854475,99.8344262829924,99.83361064891847,1.798926399813758,2.0902324385113187,0.9250083077252688,81.53846153846153,81.04667617183263,81.78593763959618,81.53846153846153,80
87,0.1944243107971392,0.2561938611692504,0.009115666115815801,99.83361064891847,99.83360378527807,99.83440297916172,99.83361064891847,1.6042320299893618,1.9099210686981678,0.687164875264797,84.61538461538461,84.26214152685172,84.75068743361426,84.61538461538461,80
88,0.1991563217812463,0.2620418503096229,0.010499739535397998,100.0,100.0,100.0,100.0,1.6099365949630737,1.8744980328612857,0.8162523437964005,86.15384615384616,85.80228108280915,86.3997055576003,86.15384615384616,80
89,0.20801418647170067,0.27317833076966436,0.012521756783826277,99.66722129783693,99.66709287885507,99.67046791932145,99.66722129783693,1.4636104736063216,1.7240587001045544,0.6822657459124457,84.61538461538461,84.14614811844893,84.50655270655271,84.61538461538461,89
90,0.20131710034451986,0.26522505322569295,0.009593243125556527,99.83361064891847,99.83360378527807,99.83440297916172,99.83361064891847,2.3833579743901887,2.7143685296177864,1.3903262201068476,80.76923076923077,80.31933450035721,81.9480431848853,80.76923076923077,89
91,0.20900260186509081,0.27393897779678045,0.014193468423878872,99.66722129783693,99.66539974901568,99.66943516175189,99.66722129783693,1.7664669122960832,2.043839360276858,0.9343495206436879,85.38461538461539,85.12369682360045,85.78331924485771,85.38461538461539,89
92,0.1847631298005581,0.24423598929455406,0.006344544010445182,100.0,100.0,100.0,100.0,1.5301216575834486,1.7758931418259938,0.7928072650813394,81.53846153846153,81.18559601318222,82.21914353989825,81.53846153846153,89
93,0.1983738949424342,0.26189355375735385,0.00781492839604126,100.0,100.0,100.0,100.0,2.036559469997883,2.3718383411566415,1.0307229533173086,83.07692307692308,82.85377367168155,83.95104895104896,83.07692307692308,89
94,0.21716865779537903,0.28523465657704755,0.012970657818521815,99.66722129783693,99.66870855138758,99.67633852255373,99.66722129783693,1.7273557699388928,2.026362028386858,0.8303368157228559,82.3076923076923,81.88644688644689,82.97808129791935,82.3076923076923,89
95,0.20056515873262756,0.2651112097266473,0.006927001116932125,100.0,100.0,100.0,100.0,1.5230078101158142,1.783724433845944,0.7408579607985707,81.53846153846153,81.2121640735502,82.27711559695366,81.53846153846153,89
96,0.18678733314338483,0.24614497607475833,0.008714402117460085,100.0,100.0,100.0,100.0,1.6760163687997394,1.9555825955337949,0.8373176997734441,81.53846153846153,81.17614453753067,83.36486581727344,81.53846153846153,89
97,0.19819040145528943,0.26169049308488246,0.007690123005120672,100.0,100.0,100.0,100.0,1.6632607347435422,1.9417413175106049,0.8278189252184044,83.07692307692308,82.8098137863275,83.48055790363482,83.07692307692308,89
98,0.18824475493870282,0.24910849921013178,0.0056535171185571114,100.0,100.0,100.0,100.0,2.6488703414797783,3.0512591467963324,1.4417036423114444,82.3076923076923,81.74975901291688,83.14491207637855,82.3076923076923,89
99,0.2449375979210201,0.31970545375033427,0.020634030667439986,99.66722129783693,99.66718991842136,99.67037559833138,99.66722129783693,1.7033674551381006,1.9825177358256445,0.8659166959631774,83.07692307692308,82.8222112932311,83.41686768516037,83.07692307692308,89
100,0.21678841172864563,0.2851802373402997,0.011612938254409911,99.83361064891847,99.83346103854475,99.8344262829924,99.83361064891847,1.4859349777301152,1.7553255326218076,0.6777632905868813,83.84615384615384,83.52628464890871,83.7255644693961,83.84615384615385,89
101,0.18762039471613734,0.24744122867521487,0.008157890332911751,100.0,100.0,100.0,100.0,1.6543307436837091,1.9141077664163377,0.8749997694143935,81.53846153846153,81.09493488321488,82.72655549578626,81.53846153846153,89
102,0.18818206055776068,0.245428863520685,0.016441651363397557,99.33444259567388,99.33344211652981,99.34162349111013,99.33444259567388,2.080623653199938,2.4216177496645184,1.0576415248692177,81.53846153846153,80.96223874165051,81.42107026722411,81.53846153846153,89
103,0.18882718525434794,0.24992618650982254,0.0055301910401076865,100.0,100.0,100.0,100.0,1.9839636418554518,2.3030601756440268,1.0266740866585071,81.53846153846153,81.04756283784418,81.83862853844094,81.53846153846153,89
104,0.2066153756489879,0.2722923661533155,0.0095843981743153,99.83361064891847,99.83375626235275,99.8350088787595,99.83361064891847,1.5341675877571106,1.8049792349338531,0.7217325497832563,81.53846153846153,81.26879314103552,81.65861304111773,81.53846153846153,89
105,0.18680553432357938,0.24653514298169235,0.007616710335959827,100.0,100.0,100.0,100.0,2.169438600540161,2.5004538976483874,1.1763926928158779,83.07692307692308,82.70467384278126,83.64538275982929,83.07692307692308,89
106,0.17381856414048294,0.22959556744286888,0.006487549974975225,100.0,100.0,100.0,100.0,1.581859956185023,1.8629715508884854,0.7385248670729602,81.53846153846153,81.34355606030796,81.95238095238096,81.53846153846153,89
107,0.19626891985535622,0.2594995428072779,0.006577043040459485,100.0,100.0,100.0,100.0,1.69982115427653,1.9912011788951025,0.8256810422365864,83.84615384615384,83.61796726140086,84.2410435093362,83.84615384615385,89
108,0.1822769459533064,0.24052928956715683,0.007519910709417768,99.83361064891847,99.83346103854475,99.8344262829924,99.83361064891847,2.5749743398692875,2.942991370956103,1.4709232300500743,80.76923076923077,80.31640113567823,81.91998902079187,80.76923076923077,89
109,0.18806773757464007,0.2483334074679174,0.007270727039308679,100.0,100.0,100.0,100.0,2.0088604357507496,2.344762479265531,1.001154250037669,83.84615384615384,83.50784341895218,84.33840518455902,83.84615384615385,89
110,0.1771362843482118,0.23423395541153455,0.005843273347923777,100.0,100.0,100.0,100.0,2.133658746878306,2.454702572690116,1.1705273045946443,83.07692307692308,82.7080508271596,83.47647474476744,83.07692307692308,89
111,0.16193677504595957,0.21312552710112773,0.008370515579468031,100.0,100.0,100.0,100.0,2.1693122453159757,2.5142267280154758,1.134568780877291,83.07692307692308,82.64667126053266,83.20774347603616,83.07692307692308,89
112,0.1670117138051673,0.22037437068004356,0.006923739468268315,100.0,100.0,100.0,100.0,2.2570612165662975,2.5872589399417243,1.2664680535395343,80.76923076923077,80.20690605559493,80.76173826173826,80.76923076923077,89
113,0.19874683728343562,0.25924884469101306,0.017240814330044055,99.50083194675541,99.5004142452111,99.50080056733984,99.50083194675541,1.5862395564715068,1.8744136227501764,0.7217172891056786,83.07692307692308,82.8222112932311,83.41686768516037,83.07692307692308,89
114,0.17497524717136434,0.23136194873797267,0.005815141195566149,100.0,100.0,100.0,100.0,2.6644880730244846,3.0756459542446666,1.4310143821706132,82.3076923076923,81.89041031103224,82.98795345842672,82.3076923076923,89
115,0.20225860943135462,0.26687952170246526,0.00839586510693679,100.0,100.0,100.0,100.0,1.5268822949793603,1.8311383235785696,0.614114198458588,84.61538461538461,84.41492905831873,85.05194720028479,84.61538461538461,89
116,0.1697133348176354,0.2236277027741859,0.007970223949278557,100.0,100.0,100.0,100.0,1.5850954701503117,1.87661099102762,0.7105488185124058,85.38461538461539,85.06239316239316,85.62530062530061,85.38461538461539,89
117,0.19724443535271444,0.260557647990553,0.007304796849463233,100.0,100.0,100.0,100.0,1.6245186916655965,1.8707980066537857,0.8856807998333048,81.53846153846153,80.99639061349048,82.31224113577055,81.53846153846153,89
118,0.16815841825384842,0.2225764121272062,0.004904440834683268,100.0,100.0,100.0,100.0,1.8193733162350125,2.106343534257677,0.958462652499697,84.61538461538461,84.3109892926863,84.88237688237687,84.61538461538461,89
119,0.19092955165787748,0.2511489652097225,0.010271308577533713,99.83361064891847,99.83321917107016,99.83440297916172,99.83361064891847,2.0123179389370813,2.335764914751053,1.0419768076612348,84.61538461538461,84.30697637150027,84.993672993673,84.61538461538461,89
120,0.20215201377868652,0.2658470814165316,0.011066804998431747,99.66722129783693,99.66718991842136,99.67037559833138,99.66722129783693,1.8022068705823686,2.118859794404772,0.8522482273013642,85.38461538461539,85.27203472855648,86.3469601677149,85.38461538461539,89
121,0.18895744748021426,0.24942326388861003,0.007559991015066197,100.0,100.0,100.0,100.0,1.753387118379275,2.032780306206809,0.9152075482682752,81.53846153846153,81.21497768505948,82.18181818181819,81.53846153846153,89
122,0.1768803594535903,0.2330503363750483,0.008370433267708378,99.83361064891847,99.83383840997038,99.83592161212795,99.83361064891847,1.574792151649793,1.8442581875456705,0.7663940706665421,83.84615384615384,83.55423065977664,84.20171174978867,83.84615384615385,89
123,0.18683492049182715,0.24664207351835152,0.007413468176597043,100.0,100.0,100.0,100.0,1.98143936196963,2.2863645454247794,1.066663792447394,84.61538461538461,84.28891790277927,84.97603615896298,84.61538461538461,89
124,0.17173561591066813,0.22655226721575386,0.007285654615292228,99.83361064891847,99.83360378527807,99.83440297916172,99.83361064891847,1.7540796432230208,2.0469468004173703,0.8754782729989125,84.61538461538461,84.3020187431568,85.14370245139476,84.61538461538461,89
125,0.16074979815043902,0.2117592482582519,0.007721448683265695,99.83361064891847,99.83346103854475,99.8344262829924,99.83361064891847,1.7798763712247212,2.059058371517393,0.9423302051662985,82.3076923076923,81.85053253335943,82.98878898878898,82.3076923076923,89
126,0.1888691110438422,0.24892190745786616,0.00871072266033336,100.0,100.0,100.0,100.0,1.9900272091229756,2.3131925894154444,1.0205311067887426,83.07692307692308,82.5956607495069,83.04761904761907,83.07692307692308,89
127,0.18291347542483555,0.24128699067391848,0.007792929152186078,99.83361064891847,99.83398701091434,99.83592161212795,99.83361064891847,1.9900367789798312,2.3176943924691944,1.007064032730543,81.53846153846153,81.05049193103224,82.55600539811067,81.53846153846153,89
128,0.17800674607094966,0.23472965842014865,0.007838018140510508,100.0,100.0,100.0,100.0,1.4443377272950277,1.686028818289439,0.7192645101911492,83.07692307692308,82.86396832980684,83.49492814877429,83.07692307692308,128
129,0.1607080874474425,0.21164848518214727,0.007886892778945989,99.83361064891847,99.83346103854475,99.8344262829924,99.83361064891847,1.508651077747345,1.7944730317427053,0.6511850963967541,85.38461538461539,85.3028293545535,85.60649350649349,85.38461538461539,128
130,0.15709319632304342,0.20758688057723798,0.0056121357483789325,100.0,100.0,100.0,100.0,1.8275661485062704,2.0855206648508706,1.0537026089336399,81.53846153846153,81.08800364088941,82.13035737779725,81.53846153846153,128
131,0.16518408863952286,0.21801432202521123,0.006693386604494758,100.0,100.0,100.0,100.0,1.5561144881778293,1.8274043864674039,0.7422448582947254,84.61538461538461,84.32066272404595,85.15012180801655,84.61538461538461,128
132,0.19674110432204447,0.2591939321474025,0.0093826158255596,99.83361064891847,99.83360378527807,99.83440297916172,99.83361064891847,1.9683742473522823,2.247732639312744,1.1302991621713672,82.3076923076923,81.84654611839079,83.40643274853802,82.3076923076923,128
133,0.15321545753824084,0.2020990456405439,0.0065646889163058645,100.0,100.0,100.0,100.0,1.753797902001275,2.041472120417489,0.8907752322977305,83.07692307692308,82.83936331603363,83.92564250863846,83.07692307692308,128
134,0.1601562068650597,0.21094264913546412,0.007796877125082047,100.0,100.0,100.0,100.0,1.8456738649143114,2.1132589181264243,1.0429187311836157,82.3076923076923,81.9297824783296,83.01604973973396,82.3076923076923,128
135,0.14627227579292498,0.19288893828266546,0.006422287767667225,100.0,100.0,100.0,100.0,1.6985940453079011,1.9696403874291315,0.8854549121848928,82.3076923076923,81.97963396174487,84.09527972027972,82.3076923076923,128
136,0.15759068884347616,0.20810770478687787,0.00603963964845446,100.0,100.0,100.0,100.0,1.7124209254980087,1.9982084996170468,0.8550581450836034,86.15384615384616,85.79036969563715,86.33368945868945,86.15384615384616,128
137,0.16706116124987602,0.22035994812061913,0.007164793194725031,100.0,100.0,100.0,100.0,1.8835558858182695,2.173762303259638,1.012936519243845,83.07692307692308,82.73387830971392,83.40984940984943,83.07692307692308,128
138,0.1670437713986949,0.22071354424482897,0.0060344545306993255,100.0,100.0,100.0,100.0,1.8745154092709224,2.1907562050554485,0.9257928354256566,85.38461538461539,85.13063856914988,86.15205307513,85.38461538461539,128
139,0.16236708803396477,0.21423852796617307,0.00675277003871375,100.0,100.0,100.0,100.0,1.6330801745255787,1.903061717748642,0.8231353993566396,83.84615384615384,83.62325830091947,84.31826663902136,83.84615384615385,128
140,0.15686462996037384,0.2072208431598387,0.0057959986642297165,100.0,100.0,100.0,100.0,2.119356138838662,2.455504717098342,1.1109106786114151,82.3076923076923,81.8820240415898,82.85362444572971,82.3076923076923,128
141,0.14383940967290024,0.1895252687758521,0.006781835818209832,100.0,100.0,100.0,100.0,1.696014450656043,1.9884735710091062,0.8186371417056458,84.61538461538461,84.34019995406133,85.5115653577192,84.61538461538461,128
142,0.15853582302990712,0.20946635776444486,0.005744216879400865,100.0,100.0,100.0,100.0,1.697683064474,2.012281815210978,0.753886817734585,83.84615384615384,83.65420403351436,84.8099336560875,83.84615384615385,128
143,0.1534377971762105,0.2023463888387931,0.006712023180290616,100.0,100.0,100.0,100.0,2.234209527571996,2.5756297260522842,1.2099491519620642,81.53846153846153,81.02197773284678,81.79699517756198,81.53846153846153,128
144,0.144576388166139,0.19082900744519735,0.005818531030519425,100.0,100.0,100.0,100.0,2.04234605613682,2.353333769573106,1.109382928829291,83.84615384615384,83.56643095964176,84.76197891177647,83.84615384615385,128
145,0.1549754758414469,0.20269863464330373,0.01180599518824908,99.83361064891847,99.83360378527807,99.83440297916172,99.83361064891847,1.533313440779845,1.8102251051200762,0.7025784500745229,84.61538461538461,84.26615403099844,84.60929322133336,84.61538461538461,128
146,0.15574123886855026,0.2056734134492121,0.005944712977476516,100.0,100.0,100.0,100.0,1.772485958205329,2.0862914390034146,0.8310694668648971,84.61538461538461,84.46928175128981,85.69097569097569,84.61538461538461,128
147,0.1547846774521627,0.20412068892466395,0.0067766415304504335,100.0,100.0,100.0,100.0,2.0040978673431606,2.322294990221659,1.0495063636727637,83.84615384615384,83.55361631832218,84.81825866441251,83.84615384615385,128
148,0.1468753844107452,0.1937006470796309,0.006399597555221254,100.0,100.0,100.0,100.0,1.838669212328063,2.1184886429044933,0.9992110993359044,82.3076923076923,81.83694226290577,82.42704663757296,82.3076923076923,128
149,0.14436727428906843,0.19039156993753031,0.006294384487677905,100.0,100.0,100.0,100.0,1.7630829132265515,2.0543940696451397,0.8891493755250445,83.07692307692308,82.81844242713808,83.63510848126234,83.07692307692308,128
150,0.1389182286435052,0.18330367105571846,0.005761901916948294,100.0,100.0,100.0,100.0,1.5880438486735027,1.8695173958937328,0.7436231870928572,85.38461538461539,85.02684458398745,85.33666193168455,85.38461538461539,128
151,0.1601895307631869,0.21076190961818947,0.008472394526746174,99.83361064891847,99.83346103854475,99.8344262829924,99.83361064891847,2.2590284306142063,2.6240346514516406,1.1640097490541546,83.07692307692308,82.5111961944541,83.13919413919415,83.07692307692308,128
152,0.1672327183187008,0.22071781734886922,0.006777425144192469,100.0,100.0,100.0,100.0,1.8628186351723142,2.1493268178568945,1.0032940303883353,83.84615384615384,83.41719757127558,84.04502331746913,83.84615384615385,128
153,0.1663095198179546,0.21881829476670214,0.008783194989327489,99.83361064891847,99.83360378527807,99.83440297916172,99.83361064891847,2.1301453279124365,2.4466352512439093,1.18067565371934,81.53846153846153,81.04667617183263,81.78593763959618,81.53846153846153,128
154,0.17139255314281113,0.22639117213456253,0.006396692661311184,100.0,100.0,100.0,100.0,1.547526220480601,1.8344945874479082,0.6866212361686242,82.3076923076923,82.07962210767259,82.79236875641617,82.3076923076923,128
155,0.16316908146989972,0.21502842205135445,0.007591058786554066,99.83361064891847,99.83398701091434,99.83592161212795,99.83361064891847,1.8643750250339508,2.1728258762094708,0.9390223888541287,84.61538461538461,84.28043872763344,84.89988958410012,84.61538461538461,128
156,0.15735355509739174,0.20781751702490606,0.005961663226021062,100.0,100.0,100.0,100.0,1.7333786595198843,2.021386935479111,0.8693538961271972,83.84615384615384,83.44688995999738,84.6025611907965,83.84615384615385,128
157,0.15934950466218747,0.20969834119865768,0.008302998297853935,99.83361064891847,99.83398701091434,99.83592161212795,99.83361064891847,1.6734024965100818,1.9473625438080893,0.8515222828476302,80.76923076923077,80.42036124794745,81.3662316091466,80.76923076923077,128
158,0.1618748601329954,0.2133319064190513,0.007503712971045293,99.83361064891847,99.83322502528081,99.8344262829924,99.83361064891847,1.8752640055285559,2.1494258642196655,1.0527785056102503,82.3076923076923,81.8241298930954,83.04639804639804,82.3076923076923,128
159,0.15366350349627042,0.20257916517163577,0.006916513424489255,100.0,100.0,100.0,100.0,1.9906746248404186,2.2955328640010624,1.0760999173297832,79.23076923076923,78.81344933528584,80.89788381907948,79.23076923076923,128
160,0.16586809252437792,0.21750197402740779,0.010966455066074176,99.83361064891847,99.83321917107016,99.83440297916172,99.83361064891847,1.8786116871568892,2.191025743881861,0.9413694914740821,81.53846153846153,81.21497768505948,82.18181818181819,81.53846153846153,128
161,0.1440749938942884,0.19044309246696925,0.0049707000166802715,100.0,100.0,100.0,100.0,2.124569296836853,2.4580293198426566,1.1241891497872227,83.84615384615384,83.4857199229331,84.32812801233854,83.84615384615385,128
162,0.15969681092783025,0.21049203880523382,0.007311121113353262,100.0,100.0,100.0,100.0,2.0557561384307013,2.3826496832900577,1.0750755232842897,84.61538461538461,84.26347601505621,85.46153042863568,84.61538461538461,128
163,0.13299777456804326,0.1744047173936116,0.008776952925377134,99.83361064891847,99.83375626235275,99.8350088787595,99.83361064891847,1.6941928068796794,1.9959281616740756,0.7889868292905804,84.61538461538461,84.39305816135085,84.94889725658956,84.61538461538461,128
164,0.1532579755508586,0.20139554672335325,0.008845261482699578,99.83361064891847,99.83360378527807,99.83440297916172,99.83361064891847,2.070038696130117,2.3833210501405926,1.1301918666488038,83.84615384615384,83.4857199229331,84.32812801233854,83.84615384615385,128
165,0.1532723023311088,0.20190692791029027,0.007368420613745816,99.83361064891847,99.83375626235275,99.8350088787595,99.83361064891847,1.7727754364411037,2.0442068808608584,0.9584810589698868,81.53846153846153,81.25084768299979,82.65315538770918,81.53846153846153,128
166,0.14949441524712662,0.19695134578566803,0.007123619633555216,100.0,100.0,100.0,100.0,1.941944635576672,2.2176692386468253,1.1147705768348208,82.3076923076923,81.92287145868151,82.69055944055944,82.3076923076923,128
167,0.1469633365540128,0.19402846733206197,0.005767940893029414,100.0,100.0,100.0,100.0,2.0464467389716043,2.3606128618121147,1.1039483315087435,84.61538461538461,84.29760459530904,85.06019621404238,84.61538461538461,128
168,0.1417550243633358,0.1872752516677505,0.005194340544556708,100.0,100.0,100.0,100.0,1.6467326780160267,1.9155355526341333,0.8403241095430631,83.07692307692308,82.80012740882306,83.53408380237649,83.07692307692308,128
169,0.14892366332443138,0.19686520942731908,0.005099025320592581,100.0,100.0,100.0,100.0,1.943253055214882,2.252754150165452,1.0147498159413872,82.3076923076923,81.82995509673088,82.75557775557775,82.3076923076923,128
170,0.14465673522729622,0.1904255581137381,0.007350266822246148,100.0,100.0,100.0,100.0,1.7531947626007929,2.0244390732712216,0.9394616170749133,81.53846153846153,81.06245747959035,81.73633417864188,81.53846153846153,128
171,0.1375590340283356,0.181346188054273,0.006197572290578759,100.0,100.0,100.0,100.0,1.585699458916982,1.8638588786125183,0.7512212021845497,82.3076923076923,82.01416605922239,82.61200338123415,82.3076923076923,128
172,0.1562915186544782,0.206734987073823,0.004961114951201077,100.0,100.0,100.0,100.0,1.98048035800457,2.284742365280787,1.0676945088360097,84.61538461538461,84.35576923076923,85.114715702951,84.61538461538461,128
173,0.1426756028085947,0.18832305171772054,0.00573325782438348,100.0,100.0,100.0,100.0,2.0498899949921503,2.35341495109929,1.1393151237021408,82.3076923076923,81.87621949008089,82.78192410926685,82.3076923076923,128
174,0.1414217721474798,0.18646234528798805,0.006300053809306854,99.83361064891847,99.83346103854475,99.8344262829924,99.83361064891847,1.8312791585922241,2.1241328517595925,0.9527181190949503,83.07692307692308,82.65751704058735,83.30297907220984,83.07692307692308,128
175,0.13739568044088388,0.18142333352252057,0.005312717458429306,100.0,100.0,100.0,100.0,1.72399722205268,2.0072085658709207,0.8743631025491696,80.0,79.54243749561475,80.44910644910644,80.0,128
176,0.13251729927172787,0.17488407343626022,0.005416974252224655,100.0,100.0,100.0,100.0,1.974576814307107,2.2852871451112957,1.0424460412953824,82.3076923076923,81.82707409402093,82.3595571095571,82.3076923076923,128
177,0.14705906475060865,0.1942904617049192,0.005364874987495377,100.0,100.0,100.0,100.0,2.3972587204641767,2.740118240316709,1.368680114272542,82.3076923076923,81.87259634809784,82.83023555391976,82.3076923076923,128
178,0.15092729404568672,0.19904477286495662,0.006574862831161897,100.0,100.0,100.0,100.0,1.6417607085572348,1.9330655137697856,0.7678463619474011,83.07692307692308,82.81952125537548,83.57811669256321,83.07692307692308,128
179,0.13677121581215607,0.1805920951852673,0.005308574917236049,100.0,100.0,100.0,100.0,1.6277904245588515,1.9094638990031347,0.7827700790949166,83.84615384615384,83.70218343747756,84.2191408011437,83.84615384615385,128
180,0.1480669269436284,0.19466046734075798,0.008286305862527928,99.66722129783693,99.66718991842136,99.67037559833138,99.66722129783693,1.557898638976945,1.8538341058625116,0.6700922115188506,81.53846153846153,81.2091990483743,81.2971342383107,81.53846153846153,128
181,0.14766234571212217,0.19483699669179164,0.006138384967160068,100.0,100.0,100.0,100.0,1.584599985016717,1.8677544295787811,0.7351366467773914,83.07692307692308,82.98248434954121,84.22169259312118,83.07692307692308,128
182,0.15927109916351342,0.21041078826314524,0.005852037843157488,100.0,100.0,100.0,100.0,1.5587816072834864,1.8093688951598272,0.8070196218452312,83.07692307692308,82.66015657354329,83.2171162171162,83.07692307692308,128
183,0.13166307030539764,0.1737703575115455,0.005341205744403659,100.0,100.0,100.0,100.0,2.5740716697441206,2.947576685084237,1.4535567867881884,80.76923076923077,80.218777751492,81.18077087653468,80.76923076923077,128
184,0.13521251798068223,0.1785460437991117,0.005211940730652331,100.0,100.0,100.0,100.0,2.22360116077794,2.5515135212077036,1.2398643502755375,81.53846153846153,80.98428720600668,81.6976925513511,81.53846153846153,128
185,0.13606437119214157,0.17968098152624934,0.005214545018756517,100.0,100.0,100.0,100.0,2.019519983066453,2.3217347694767847,1.112875664940576,84.61538461538461,84.30098157968737,84.89128819898049,84.61538461538461,128
186,0.14115194995936595,0.18571712860935613,0.007456416550619332,99.83361064891847,99.83375626235275,99.8350088787595,99.83361064891847,1.8084589739640553,2.092724841501978,0.9556614794823367,83.07692307692308,82.7080508271596,83.47647474476744,83.07692307692308,128
187,0.1551093074836229,0.20421653319346278,0.007787628200419836,99.83361064891847,99.83360378527807,99.83440297916172,99.83361064891847,1.7198353856801987,1.988028069337209,0.9152573362290342,82.3076923076923,81.96680428005727,82.95885850329744,82.3076923076923,128
188,0.13562682898421036,0.17864731424733213,0.006565371310755022,100.0,100.0,100.0,100.0,1.7446112251944013,2.0370971428023443,0.86715340129255,81.53846153846153,81.21360751535785,81.58341658341656,81.53846153846153,128
189,0.14614486910010638,0.19289578458196238,0.005892124132706637,100.0,100.0,100.0,100.0,1.6385523875554402,1.9109261135260265,0.8214313333681074,82.3076923076923,81.96480643539468,82.4858474858475,82.3076923076923,128
190,0.142389546099462,0.18718452261466728,0.008004618974059428,99.83361064891847,99.83360378527807,99.83440297916172,99.83361064891847,1.677319606145223,1.9655513200494978,0.8126244502297292,81.53846153846153,81.1747069355765,81.91533623609097,81.53846153846153,128
191,0.13954172597119682,0.18432605129323507,0.005188750970103827,100.0,100.0,100.0,100.0,1.6637003438340292,1.928859465652042,0.8682229951599665,83.07692307692308,82.84740178900982,83.3585596793144,83.07692307692308,128
192,0.12313332369453028,0.16254771402791926,0.004890152378050659,100.0,100.0,100.0,100.0,1.7197896159357495,1.9814096175962024,0.9349295234149193,80.76923076923077,80.25215983277315,80.88406465329541,80.76923076923077,128
193,0.14130115685494324,0.1865052880817338,0.005688763527646906,100.0,100.0,100.0,100.0,1.653611562318272,1.9276989648739498,0.8313494395438789,80.76923076923077,80.23853518296875,80.84460411383488,80.76923076923077,128
194,0.12354052919698388,0.16221153540046593,0.007527513205499609,100.0,100.0,100.0,100.0,1.99060747689671,2.2942581988043256,1.0796553067015742,81.53846153846153,81.04667617183263,81.78593763959618,81.53846153846153,128
195,0.13702770949978577,0.18086182679000654,0.005525358840761902,100.0,100.0,100.0,100.0,1.5736355483531952,1.8421721325980291,0.7680259231064055,79.23076923076923,79.00627503779415,80.48004432542248,79.23076923076923,128
196,0.13174436564900374,0.1735825975866694,0.006229673388971653,100.0,100.0,100.0,100.0,1.8097705129120085,2.1074075483613544,0.9168594247328454,86.15384615384616,85.86638364691169,86.53956569746043,86.15384615384616,128
197,0.15839732654000582,0.20903281573402255,0.006490860742480053,100.0,100.0,100.0,100.0,2.3372183442115784,2.6750425133440228,1.3237458541632603,82.3076923076923,81.84206818822203,82.82791908786604,82.3076923076923,128
